<?xml version="1.0" encoding="UTF-8" standalone="yes"?>
<addon id="plugin.video.idanplus" name="עידן+ פלוס" version="3.6.1" provider-name="Fishenzon">
    <requires>
        <import addon="script.module.requests"/>
        <import addon="script.module.xmltodict"/>
    </requires>
    <extension point="xbmc.python.pluginsource" library="default.py">
        <provides>video</provides>
    </extension>
    <extension point="xbmc.service" library="resources/lib/service.py" start="[login|startup]"/>
    <extension library="resources/" point="xbmc.python.module" />
    <extension library="resources/lib/" point="xbmc.python.module" />
    <extension point="xbmc.addon.metadata">
        <reuselanguageinvoker>true</reuselanguageinvoker>
        <assets>
            <icon>icon.png</icon>
            <fanart>fanart.jpg</fanart>
        </assets>
        <platform>all</platform>
        <summary lang="en">Assistir aos canais de Idan Plus e aos programas dos sites oficiais.</summary>
        <description lang="en">Assistir aos canais de Idan Plus e aos programas dos sites oficiais.[CR]Várias opções estão disponíveis nas configurações da extensão e ao clicar com o botão direito em um item na lista.</description>
        <news>- Correções para alguns canais de TV e estações de rádio.</news>
        <supportedcontent>
            <content>tvshows</content>
        </supportedcontent>
    </extension>
</addon>
